{
    "averge_document_length": {
        "stars": 3.0497512437810945,
        "genres": 2.0,
        "summaries": 64.12437810945273
    },
    "document_count": 1005
}